_id,title,eyebrow,lead,updated,effectiveDate,version,stats[0].value,stats[1].value,stats[2].value,stats[0].label,stats[1].label,stats[2].label,sections[0].id,sections[1].id,sections[2].id,sections[3].id,sections[4].id,sections[5].id,sections[6].id,sections[7].id,sections[8].id,sections[9].id,sections[10].id,sections[11].id,sections[0].heading,sections[1].heading,sections[2].heading,sections[3].heading,sections[4].heading,sections[5].heading,sections[6].heading,sections[7].heading,sections[8].heading,sections[9].heading,sections[10].heading,sections[11].heading,sections[0].body[0],sections[1].body[0],sections[2].body[0],sections[3].body[0],sections[4].body[0],sections[5].body[0],sections[6].body[0],sections[7].body[0],sections[8].body[0],sections[9].body[0],sections[10].body[0],sections[11].body[0],sections[0].body[1],sections[2].body[1],sections[2].body[2],sections[2].body[3],sections[0].callout,sections[1].callout,sections[2].callout,sections[3].callout,sections[4].callout,sections[5].callout,sections[6].callout,sections[7].callout,sections[8].callout,sections[9].callout,sections[10].callout,sections[11].callout,sections[0].closing,sections[1].closing,sections[2].closing,sections[3].closing,sections[4].closing,sections[5].closing,sections[6].closing,sections[7].closing,sections[8].closing,sections[9].closing,sections[10].closing,sections[11].closing,sections[1].groups[0].title,sections[1].groups[1].title,sections[1].groups[2].title,sections[2].groups[0].title,sections[2].groups[1].title,sections[2].groups[2].title,sections[3].groups[0].title,sections[3].groups[1].title,sections[3].groups[2].title,sections[1].groups[0].list[0],sections[1].groups[0].list[1],sections[1].groups[0].list[2],sections[1].groups[0].list[3],sections[1].groups[0].list[4],sections[1].groups[1].list[0],sections[1].groups[1].list[1],sections[1].groups[1].list[2],sections[1].groups[1].list[3],sections[1].groups[2].list[0],sections[1].groups[2].list[1],sections[1].groups[2].list[2],sections[1].groups[2].list[3],sections[1].groups[2].list[4],sections[2].groups[0].list[0],sections[2].groups[0].list[1],sections[2].groups[0].list[2],sections[2].groups[0].list[3],sections[2].groups[0].list[4],sections[2].groups[1].list[0],sections[2].groups[1].list[1],sections[2].groups[1].list[2],sections[2].groups[1].list[3],sections[2].groups[2].list[0],sections[2].groups[2].list[1],sections[2].groups[2].list[2],sections[2].groups[2].list[3],sections[3].groups[0].list[0],sections[3].groups[0].list[1],sections[3].groups[0].list[2],sections[3].groups[1].list[0],sections[3].groups[1].list[1],sections[3].groups[1].list[2],sections[3].groups[2].list[0],sections[3].groups[2].list[1],sections[3].groups[2].list[2],sections[2].list[0],sections[2].list[1],sections[2].list[2],sections[2].list[3],sections[2].list[4],sections[2].list[5],sections[2].list[6],sections[2].list[7],sections[3].list[0],sections[3].list[1],sections[3].list[2],sections[3].list[3],sections[3].list[4],sections[4].list[0],sections[4].list[1],sections[4].list[2],sections[4].list[3],sections[4].list[4],sections[5].list[0],sections[5].list[1],sections[5].list[2],sections[5].list[3],sections[5].list[4],sections[5].list[5],sections[6].list[0],sections[6].list[1],sections[6].list[2],sections[6].list[3],sections[7].list[0],sections[7].list[1],sections[7].list[2],sections[7].list[3],sections[11].list[0],sections[11].list[1],sections[11].list[2],sections[8].list[0],sections[8].list[1],sections[8].list[2],sections[8].list[3],sections[8].list[4],sections[8].list[5],sections[9].list[0],sections[9].list[1],sections[9].list[2],sections[9].list[3],sections[11].list[3],sections[1].list[0],sections[1].list[1],sections[1].list[2],sections[1].list[3],sections[10].list[0],sections[10].list[1],sections[10].list[2],sections[1].list[4],sections[1].list[5],sections[1].list[6],sections[1].list[7],sections[1].list[8],sections[7].list[4],sections[10].list[3],slug,status,publishedAt,scheduledAt,featured,displayOrder,seo.title,seo.description,seo.ogImage,seo.canonicalUrl,seo.noIndex,deletedAt,deletedBy,createdBy,updatedBy,revision,createdAt,updatedAt,__v,rejectedReason
6a6061ee7bfcf05ac32c3f34,Privacy Policy,Legal,Your privacy is important to us. Learn how we protect your data.,20 February 2026,,1.0,Secure,Transparent,Compliant,Data protection,Privacy practices,Data regulations,introduction,information-we-collect,how-we-use,sharing,data-security,your-rights,cookies,data-retention,childrens-privacy,international-transfers,changes,contact,1. Introduction,2. Information we collect,3. How we use your information,4. Sharing your information,5. Data security,6. Your rights and choices,7. Cookies and tracking technologies,8. Data retention,9. Children’s privacy,10. International data transfers,11. Changes to this Privacy Policy,12. Contact us,"CareerVeda OPC Private Limited (“CareerVeda”, “we”, “us”, or “our”) is committed to protecting your privacy. This Privacy Policy explains how we collect, use, disclose, and safeguard your information when you visit our website or use our services. Please read this policy carefully to understand our practices regarding your personal data.",We collect various types of information to provide and improve our services to you:,CareerVeda uses the collected information for the following purposes:,We may share your information with third parties in the following circumstances:,"We implement appropriate technical and organizational security measures to protect your personal information from unauthorized access, disclosure, alteration, or destruction. These measures include:",You have certain rights regarding your personal information:,We use cookies and similar tracking technologies to enhance your experience on our website. Cookies are small files stored on your device that help us:,"We retain your personal information for as long as necessary to fulfill the purposes outlined in this Privacy Policy, unless a longer retention period is required or permitted by law. After you complete your program, we may retain certain information for:","Our services are not intended for individuals under the age of 18. We do not knowingly collect personal information from children. If you believe we have collected information from a child, please contact us immediately so we can take appropriate action.","Your information may be transferred to and processed in countries other than your country of residence. These countries may have different data protection laws. When we transfer your information internationally, we ensure appropriate safeguards are in place to protect your data in accordance with this Privacy Policy.",We may update this Privacy Policy from time to time to reflect changes in our practices or legal requirements. We will notify you of any material changes by posting the updated policy on our website and updating the “Last updated” date.,"If you have any questions, concerns, or requests regarding this Privacy Policy or our data practices, please contact us at:",,,,,,,,,,,,,,,,,,,,,,,,,,,,"By using CareerVeda’s services, you acknowledge that you have read and understood this Privacy Policy and agree to the collection, use, and disclosure of your information as described herein.",2.1 Personal information,2.2 Technical information,,,,,,,,"Name, email address, and phone number",Educational qualifications and professional background,Date of birth and identity documents,Payment information,Resume and career-related documents,"IP address, browser type, and device information",Cookies and similar tracking technologies,Log data including access times and pages viewed,Location data (with your consent),,,,,,,,,,,,,,,,,,,,,,,,,,,,"To provide, maintain, and improve our educational services and programs",To process your enrollment and manage your account,"To communicate with you about courses, updates, and promotional offers",To provide placement assistance and connect you with hiring partners,To personalize your learning experience and recommend relevant programs,To process payments and prevent fraudulent transactions,To analyze usage patterns and improve our website functionality,To comply with legal obligations and enforce our terms of service,"Hiring partners: with your consent, we share your profile with companies for placement opportunities","Service providers: with third-party vendors who assist in delivering our services (payment processors, email services, etc.)",Educational partners: with universities and certification bodies for program delivery and credential verification,Legal requirements: when required by law or to protect our rights and safety,"Business transfers: in connection with any merger, acquisition, or sale of company assets",Encryption of sensitive data during transmission and storage,Regular security assessments and vulnerability testing,Restricted access to personal information on a need-to-know basis,Employee training on data protection and privacy practices,Secure payment processing through trusted payment gateways,Access: request a copy of the personal information we hold about you,Correction: update or correct inaccurate or incomplete information,Deletion: request deletion of your personal information (subject to legal obligations),Opt-out: unsubscribe from marketing communications at any time,"Data portability: request your data in a structured, machine-readable format",Withdraw consent: withdraw consent for data processing where consent was the basis,Remember your preferences and settings,Understand how you use our website and improve functionality,Provide personalized content and recommendations,Analyze website traffic and user behavior,Alumni services and ongoing career support,Compliance with legal and regulatory requirements,Resolution of disputes and enforcement of agreements,Legitimate business purposes such as analytics and record-keeping,Email: Info@careerveda.in,Phone: +91 9217801191,"Address: CareerVeda OPC Private Limited, Awfis Majestic Signia, Noida, Uttar Pradesh 201309",,,,,,,,,,,,,,,,,,,,,,,,,,privacy-policy,published,2026-07-22T06:23:42.511Z,,false,0,Privacy Policy,Your privacy is important to us. Learn how we protect your data.,,,false,,,,,7,2026-07-22T06:23:42.516Z,2026-08-04T08:18:44.926Z,0,
6a6061ee7bfcf05ac32c3f37,Refund Policy,Legal,Understand our transparent refund and cancellation terms.,7 February 2026,,1.0,Fair,10–15 Days,,Refund process,Processing time,,overview,eligibility,request-process,processing-time,deductions,emi,transfer-deferment,special-circumstances,non-refundable,dispute-resolution,policy-updates,contact,1. Overview,2. Refund eligibility,3. Refund request process,4. Refund processing time,5. Deductions and processing fees,6. EMI and installment plans,7. Program transfer and deferment,8. Special circumstances,9. Non-refundable items,10. Dispute resolution,11. Policy updates,12. Contact information,"At CareerVeda, we are committed to providing high-quality educational programs and services. We understand that circumstances may change, and this Refund Policy outlines the terms and conditions under which refunds may be requested and processed. Please read this policy carefully before enrolling in any of our programs.",Refund eligibility depends on when the cancellation request is made and the circumstances surrounding it:,"To request a refund, please follow these steps:","Once your refund request is approved, the processing timeline is as follows:",The following deductions may apply to approved refunds:,For students enrolled through EMI or installment payment plans:,"As an alternative to a refund, eligible students may opt for:",CareerVeda may consider refund requests beyond standard policy terms in the following exceptional cases:,The following fees and charges are non-refundable under any circumstances:,If you disagree with a refund decision:,CareerVeda reserves the right to modify this Refund Policy at any time. Changes will be effective immediately upon posting on our website. The policy applicable at the time of your enrollment will govern your refund eligibility. We recommend reviewing this policy periodically for any updates.,"For refund requests or questions about this policy, please contact:",,,,,,,Refund requests must be submitted in writing. Verbal requests or phone calls will not be considered for processing.,,,,,,,,,,,,,Refund processing times may vary depending on your bank or payment provider. CareerVeda is not responsible for delays caused by third-party payment processors or banking institutions.,These deductions ensure fair compensation for services rendered and administrative costs incurred.,,Transfer and deferment requests are subject to seat availability and must be requested before 50% program completion.,Each special circumstance is reviewed individually by our management team. Documentation and proof must be provided for consideration.,,"For unresolved disputes, you may refer to our Escalation Policy or seek legal remedies as per applicable laws.",,"By enrolling in CareerVeda programs, you acknowledge that you have read, understood, and agree to this Refund Policy. We encourage you to carefully review all terms before making payment.",2.1 Full refund (100%),2.2 Partial refund (50%),2.3 No refund,,,,,,,Cancellation within 7 days of enrollment and before the program start date,Cancellation before accessing any course materials or attending any sessions,Program cancellation by CareerVeda due to insufficient enrollment,Technical issues preventing access to the program for more than 15 days,,Cancellation within 30 days of program start date and after attending up to 10% of sessions,Medical emergency or serious personal circumstances (documentation required),Relocation or job change preventing participation (documentation required),,Cancellation after 30 days from the program start date,After attending more than 10% of scheduled sessions,Violation of Terms of Use or code of conduct,Failure to meet payment obligations resulting in program suspension,Completion of the program or receipt of certification,,,,,,,,,,,,,,,,,,,,,,,Send a written refund request to Info@careerveda.in from your registered email address,"Include your full name, enrollment ID, program name, and reason for cancellation",Attach any supporting documents if claiming refund under special circumstances,Our team will review your request within 5–7 business days,You will receive a confirmation email with the refund decision and timeline,,,,Credit/debit card: 10–15 business days from approval date,Bank transfer: 7–10 business days from approval date,UPI / online wallets: 5–7 business days from approval date,Cheque: 15–20 business days from approval date,,Payment gateway charges and transaction fees (2–3% of total amount),Administrative processing fee of ₹500 for partial refunds,Cost of any course materials or resources already provided,Pro-rata charges for sessions attended before cancellation,,Refunds will be processed only for amounts already paid to CareerVeda,You remain responsible for installments due until official cancellation,Interest charges and EMI processing fees are non-refundable,Third-party EMI providers may have their own cancellation policies,Contact both CareerVeda and your EMI provider for complete cancellation,,Program deferment: postpone your enrollment to the next available batch (one-time option within 6 months),Program transfer: switch to a different CareerVeda program of equal or lesser value,Credit note: receive a credit note for future programs (valid for 12 months),,Serious medical emergency affecting the student or immediate family (medical certificate required),Death of the enrolled student (death certificate and legal documentation required),Natural disasters or force majeure events preventing participation,Significant changes to program curriculum or schedule not communicated in advance,Email: Info@careerveda.in,Phone: +91 9217801191,"Address: CareerVeda OPC Private Limited, Awfis Majestic Signia, 1st Floor, Plot No. A-27, Block A, Industrial Area, Sector 62, Noida, Uttar Pradesh 201309",Registration and enrollment fees,Examination and certification fees paid to external bodies,Third-party software licenses and access codes,"Physical course materials, books, and kits already delivered",One-on-one mentorship sessions already conducted,Career services and placement assistance fees,Submit a written appeal to our escalation team within 15 days of the decision,Provide additional documentation or clarification to support your case,The escalation team will review and respond within 10 business days,The decision of the escalation team is final and binding,"Business hours: Mon–Sat, 10:00 AM to 07:00 PM (Sunday closed)",,,,,,,,,,,,,,,refund-policy,published,2026-07-22T06:23:42.613Z,,false,1,Refund Policy,Understand our transparent refund and cancellation terms.,,,false,,,,,7,2026-07-22T06:23:42.617Z,2026-08-04T09:47:47.792Z,0,
6a6061ee7bfcf05ac32c3f3a,Terms of Use,Legal,Please read these terms carefully before using our services.,21 February 2026,,1.0,1 Jan 2024,21 Feb 2026,Protected,Effective date,Last updated,Your rights,acceptance,use-of-services,intellectual-property,enrollment-and-payment,user-conduct,disclaimers,placement-assistance,modifications,termination,governing-law,contact,,1. Acceptance of terms,2. Use of services,3. Intellectual property rights,4. Program enrollment and payment,5. User conduct,6. Disclaimers and limitation of liability,7. Placement assistance,8. Modifications to terms,9. Termination,10. Governing law,11. Contact information,,"By accessing and using the CareerVeda website and services, you accept and agree to be bound by the terms and provisions of this agreement. If you do not agree to these Terms of Use, please do not use our website or services.","CareerVeda provides professional training programs, educational content, and career development services. You agree to use our services only for lawful purposes and in accordance with these Terms.","All content, materials, and resources provided through CareerVeda, including but not limited to course materials, videos, presentations, and documentation, are the intellectual property of CareerVeda or its licensors and are protected by copyright, trademark, and other intellectual property laws.","When you enroll in a CareerVeda program, you agree to pay all applicable fees as per the program terms. Payment terms and refund policies are outlined separately in our Refund Policy.","You agree to conduct yourself professionally and respectfully when interacting with CareerVeda staff, instructors, and other students. Harassment, discrimination, or inappropriate behavior will not be tolerated.","While CareerVeda strives to provide high-quality education and career services, we make no guarantees regarding specific outcomes, job placements, or salary increases. Our services are provided “as is” without warranties of any kind.","CareerVeda provides placement assistance to eligible students who successfully complete their programs. However, placement is not guaranteed and depends on various factors including market conditions, student performance, and individual qualifications.",CareerVeda reserves the right to modify these Terms of Use at any time. We will notify users of significant changes via email or website notifications. Continued use of our services after changes constitutes acceptance of the modified terms.,CareerVeda reserves the right to terminate or suspend your access to our services at any time for violation of these Terms or for any other reason deemed necessary for the protection of our business or other users.,"These Terms of Use shall be governed by and construed in accordance with the laws of India. Any disputes arising from these terms shall be subject to the exclusive jurisdiction of the courts in Noida, Uttar Pradesh.","If you have any questions about these Terms of Use, please contact us at:",,,,,,,,,,,"Important legal disclaimer: CareerVeda is an independent education services platform. We are not associated, affiliated, or endorsed by any other training provider or institution.",,,,,,,,,,,,,,,,,"By using CareerVeda’s services, you acknowledge that you have read, understood, and agree to be bound by these Terms of Use.",,,,,,,,,,,,,,,,,,,,,,,,,,,,,,,,,,,,,,,,,,,,,,,"You may not reproduce, distribute, or create derivative works from our content",Course materials are for personal use only and cannot be shared publicly,Recording or sharing of live sessions without permission is prohibited,,,,,,All fees must be paid in full or as per the agreed payment schedule,Failure to pay may result in suspension of access to course materials,"Prices are subject to change, but enrolled students pay the agreed price",,,Maintain respectful communication in all interactions,"Do not spam, advertise, or promote external services without permission",Do not engage in any activity that disrupts the learning experience,Report any violations or concerns to CareerVeda management,,"Career success depends on individual effort, market conditions, and other factors","We are not liable for any indirect, incidental, or consequential damages",Our total liability is limited to the amount paid for the specific program,,,,,,,,,,,,,,,,,,,,,,,,,,You must be at least 18 years old to register for our programs,You are responsible for maintaining the confidentiality of your account credentials,You agree not to share your account access with others,You will not use our services for any illegal or unauthorized purpose,Email: Info@careerveda.in,Phone: +91 9217801191,"Address: CareerVeda OPC Private Limited, Awfis Majestic Signia, 1st Floor, Plot No. A-27, Block A, Industrial Area, Sector 62, Noida, Uttar Pradesh 201309",,,,,,,,terms,published,2026-07-22T06:23:42.677Z,,false,2,Terms of Use,Please read these terms carefully before using our services.,,,false,,,,,7,2026-07-22T06:23:42.680Z,2026-08-04T08:18:45.070Z,0,
6a6061ee7bfcf05ac32c3f3d,Escalation Policy,Legal,We're committed to resolving your concerns promptly and effectively.,20 February 2026,,1.0,,,,,,,purpose,issues-covered,escalation-matrix,how-to-raise,timeline,escalation-criteria,confidentiality,expected-conduct,external-remedies,continuous-improvement,contact,,1. Purpose and Scope,2. Types of Issues Covered,3. Escalation Matrix,4. How to Raise an Escalation,5. Response and Resolution Timeline,6. Escalation Criteria,7. Confidentiality and Non-Retaliation,8. Expected Conduct,9. External Remedies,10. Continuous Improvement,11. Contact Information,,"CareerVeda is committed to providing exceptional service and support to all our students. This Escalation Policy outlines the structured process for addressing and resolving complaints, grievances, and concerns that may arise during your learning journey with us. We believe in transparent communication and prompt resolution of issues at every level of our organization.",This escalation policy covers a wide range of concerns including but not limited to:,Our three-tiered escalation process ensures that your concerns are addressed at the appropriate level.,"To ensure your concern is addressed efficiently, follow these steps:",We are committed to addressing your concerns within specific timeframes:,You may escalate your concern to the next level if:,CareerVeda is committed to maintaining confidentiality and protecting individuals who raise concerns:,We expect all parties involved in the escalation process to:,"If you remain dissatisfied after exhausting all internal escalation levels, you may seek external remedies:",CareerVeda values feedback and uses escalation data to improve our services:,"For escalations and complaints, please contact:",,"This policy applies to all students, alumni, and stakeholders interacting with CareerVeda's programs, services, and personnel. We encourage you to communicate your concerns so we can address them effectively and improve our services continuously.","Level 1 is your first point of contact for most issues. The support team is equipped to handle routine queries, technical problems, content access issues, and general concerns. They work directly with instructors and technical teams to resolve matters quickly.","If your issue remains unresolved after Level 1, or if it requires management intervention, escalate to Level 2. The Program Manager reviews your case comprehensively, investigates thoroughly, and coordinates with relevant departments to provide a solution.","Level 3 represents the highest escalation point within CareerVeda. Senior management reviews cases that remain unresolved at Level 2, involve policy violations, require executive decisions, or concern serious grievances.",,,,,,,,,,,,,,,,,Please note that complex cases may require additional time. We will keep you informed if an extended investigation is needed.,,,,We encourage resolving matters through our internal process before pursuing external options.,,We appreciate your trust in CareerVeda and are committed to addressing your concerns with the utmost care and urgency. Your feedback helps us serve you better.,,,,,Level 1 — Program Coordinator / Support Team,Level 2 — Program Manager / Department Head,Level 3 — Senior Management / Director,Step 1 — Document your concern,Step 2 — Submit your complaint,Step 3 — Track and follow up,,,,,,,,,,,,,,,Contact: your assigned Program Coordinator or the Support Team,Email: Info@careerveda.in,Phone: +91 9217801191,Response time: 24–48 hours,Resolution time: 3–5 business days,Contact: Program Manager or Department Head,"Email: Info@careerveda.in, subject “Escalation - Level 2”",Response time: 48–72 hours,Resolution time: 7–10 business days,Contact: Senior Management Team,"Email: Info@careerveda.in, subject “Escalation - Level 3”",Response time: 3–5 business days,Resolution time: 10–15 business days,"Clearly describe your issue with specific details, dates, and circumstances","Include your enrolment ID, program name, and contact information",Attach relevant screenshots or supporting documents,Send a written complaint by email to the contact for the appropriate level,Use a clear subject line: “Complaint - [Brief description] - [Your Name]”,You will receive an acknowledgement with a ticket number within 24 hours,Save your ticket number for reference,You will receive regular updates on your case,"If you do not receive a response within the stated timeframe, you may escalate to the next level",,,,,,,,,,,,,,Acknowledgement — within 24 hours of receiving your complaint,Initial assessment — 24–48 hours to review and assign to the appropriate team,"Investigation — 3–10 business days, depending on complexity and level",Resolution and closure — a final response with the resolution or an explanation,,You do not receive a response within the committed timeframe,The resolution provided is unsatisfactory or inadequate,The issue has not been resolved despite multiple follow-ups,New information or circumstances have emerged,The matter involves serious policy violations or misconduct,,"Confidentiality — all complaints are handled with strict confidentiality, shared only with the personnel involved in resolution",No retaliation — students will not face adverse consequences for raising legitimate concerns in good faith,"Anonymous reporting — we accept anonymous complaints for serious violations, though resolution may be limited without contact information",Protected information — personal details of complainants are protected in accordance with our Privacy Policy,Communicate respectfully and professionally at all times,Provide accurate and complete information,Cooperate with investigation and resolution efforts,"Use the escalation process in good faith, not for frivolous or malicious purposes",,,,Consumer forums and grievance redressal mechanisms as per Indian law,Regulatory bodies overseeing educational institutions and services,Legal recourse through the appropriate courts as per jurisdiction,Mediation or arbitration services for dispute resolution,,,All complaints are analysed for patterns and root causes,Recurring issues are addressed through process improvements,Feedback is shared with relevant teams for quality enhancement,,,"Course content quality, delivery, or access issues","Instructor performance, availability, or conduct concerns",Technical difficulties with learning platforms or materials,"Billing, payment, or refund disputes","Level 1 — Support Team: Info@careerveda.in, +91 9217801191","Level 2 — Management: Info@careerveda.in, subject “Escalation - Level 2”","Level 3 — Senior Leadership: Info@careerveda.in, subject “Escalation - Level 3”",Placement assistance and career services concerns,Certification and credential-related issues,"Harassment, discrimination, or inappropriate behaviour",Administrative delays or communication gaps,Breach of terms and conditions or policy violations,Allow reasonable time for investigation and resolution,"Mailing address: CareerVeda OPC Private Limited, Awfis Majestic Signia, 1st Floor, Plot No. A-27, Block A, Industrial Area, Sector 62, Noida, Uttar Pradesh 201309",escalation-policy,published,2026-07-22T06:23:42.749Z,,false,3,Escalation Policy,We're committed to resolving your concerns promptly and effectively.,,,false,,,,,7,2026-07-22T06:23:42.752Z,2026-08-04T08:18:45.137Z,0,
6a60b98b15e69b906a7d3352,dont refund,Legal,jsandfnsdfsadjfhjsdafsagsadf,kjflkasdjf,,8,,,,,,,,,,,,,,,,,,,asndjfnasjdnf,,,,,,,,,,,,jsndjfnajsdnf,,,,,,,,,,,,,,,,,,,,,,,,,,,,,,,,,,,,,,,,,,,,,,,,,,,,,,,,,,,,,,,,,,,,,,,,,,,,,,,,,,,,,,,,,,,,,,,,,,,,,,,,,,,,,,,,,,,,,,,,,,,,,,,,,,,,,,,,,,,,,,,,,jdfjjsod,archived,2026-07-22T12:37:31.287Z,,false,4,,,,,false,2026-07-23T11:21:22.753Z,6a60a17c20a2dec57e15dec5,6a60a17c20a2dec57e15dec5,6a60a17c20a2dec57e15dec5,1,2026-07-22T12:37:31.078Z,2026-07-23T11:21:22.754Z,0,
6a60c40ac6504c80ff1753e9,JJFHIUHSDFIUHASDU,Legal,BIFNISANDFNSADN,IHFAIUSHDIFUHSA,,,,,,,,,,,,,,,,,,,,,OIFNASDJFNAS,,,,,,,,,,,,JANFJNSDNFNSAD,,,,,,,,,,,,,,,,,,,,,,,,,,,,,,,,,,,,,,,,,,,,,,,,,,,,,,,,,,,,,,,,,,,,,,,,,,,,,,,,,,,,,,,,,,,,,,,,,,,,,,,,,,,,,,,,,,,,,,,,,,,,,,,,,,,,,,,,,,,,,,,,,jjfhiuhsdfiuhasdu,archived,2026-07-22T13:22:22.010Z,,false,0,KJSNKJFNDSNFNDAS,DFNKJSNDKJFNDSA;FNJSDNF,,,false,2026-07-22T13:22:57.553Z,6a60a17c20a2dec57e15dec5,6a60a17c20a2dec57e15dec5,6a60a17c20a2dec57e15dec5,1,2026-07-22T13:22:18.938Z,2026-07-22T13:22:57.554Z,0,
6a61e01f2a354602b324dd3b,hello sir,Legal,osdnfsdnnfnsdnf;nsdnfnsdknfsd,hello sir,,,,,,,,,,,,,,,,,,,,,ojsdjfjsdf,,,,,,,,,,,,sjdfsndkjnfnsdk,,,,,,,,,,,,,,,,,,,,,,,,,,,,,,,,,,,,,,,,,,,,,,,,,,,,,,,,,,,,,,,,,,,,,,,,,,,,,,,,,,,,,,,,,,,,,,,,,,,,,,,,,,,,,,,,,,,,,,,,,,,,,,,,,,,,,,,,,,,,,,,,,hello-sir,archived,,,false,0,,,,,false,2026-07-23T11:21:15.636Z,6a60a17c20a2dec57e15dec5,6a60a17c20a2dec57e15dec5,6a60a17c20a2dec57e15dec5,1,2026-07-23T09:34:23.200Z,2026-07-23T11:21:15.637Z,0,
6a61e03770c3218d7facbd91,hello sir,Legal,osdnfsdnnfnsdnf;nsdnfnsdknfsd,hello sir,,,,,,,,,,,,,,,,,,,,,ojsdjfjsdf,,,,,,,,,,,,sjdfsndkjnfnsdk,,,,,,,,,,,,,,,,,,,,,,,,,,,,,,,,,,,,,,,,,,,,,,,,,,,,,,,,,,,,,,,,,,,,,,,,,,,,,,,,,,,,,,,,,,,,,,,,,,,,,,,,,,,,,,,,,,,,,,,,,,,,,,,,,,,,,,,,,,,,,,,,,hello-sir-2,archived,2026-07-23T09:34:51.940Z,,false,0,,,,,false,2026-07-23T11:20:52.494Z,6a60a17c20a2dec57e15dec5,6a60a17c20a2dec57e15dec5,6a60a17c20a2dec57e15dec5,1,2026-07-23T09:34:48.029Z,2026-07-23T11:20:52.498Z,0,
6a634925a9150085085d8179,important termns,Legal,ifjoisdjfjjsdfsad,imprtants terms,,,,,,,,,,,,,,,,,,,,,these is the important one,,,,,,,,,,,,the money will not refund after the registration amount,,,,,,,,,,,,,,,,,,,,,,,,,,,,,,,,,,,,,,,,,,,,,,,,,,,,,,,,,,,,,,,,,,,,,,,,,,,,,,,,,,,,,,,,,,,,,,,,,,,,,,,,,,,,,,,,,,,,,,,,,,,,,,,,,,,,,,,,,,,,,,,,,important-termns,published,2026-07-24T11:14:45.471Z,,false,0,,,,,false,,,6a60a17c20a2dec57e15dec5,6a60a17c20a2dec57e15dec5,1,2026-07-24T11:14:45.311Z,2026-07-24T11:14:45.473Z,0,
